<?xml version="1.0" encoding="UTF-8"?><MD_Metadata xmlns:gts="http://www.isotc211.org/2005/gts" xmlns:gco="http://www.isotc211.org/2005/gco" xmlns:xalan="http://xml.apache.org/xalan" xmlns:srv="http://www.isotc211.org/2005/srv" xmlns:gmx="http://www.isotc211.org/2005/gmx" xmlns:xlink="http://www.w3.org/1999/xlink" xmlns:xsi="http://www.w3.org/2001/XMLSchema-instance" xmlns:gml="http://www.opengis.net/gml" xmlns="http://www.isotc211.org/2005/gmd">
    <characterSet>
        <MD_CharacterSetCode codeList="http://www.isotc211.org/2005/resources/Codelist/gmxCodelists.xml#MD_CharacterSetCode" codeListValue="utf8" codeSpace="ISOTC211/19115">utf8</MD_CharacterSetCode>
    </characterSet>
    <hierarchyLevel>
        <MD_ScopeCode codeList="http://www.isotc211.org/2005/resources/Codelist/gmxCodelists.xml#MD_ScopeCode" codeListValue="dataset" codeSpace="ISOTC211/19115">dataset</MD_ScopeCode>
    </hierarchyLevel>
    <hierarchyLevelName>
        <gco:CharacterString>dataset</gco:CharacterString>
    </hierarchyLevelName>
    <contact gco:nilReason="missing"/>
    <dateStamp gco:nilReason="missing"/>
    <metadataStandardName>
        <gco:CharacterString>ISO 19139 Geographic Information - Metadata - Implementation Specification</gco:CharacterString>
    </metadataStandardName>
    <metadataStandardVersion>
        <gco:CharacterString>2007</gco:CharacterString>
    </metadataStandardVersion>
    <identificationInfo>
        <MD_DataIdentification>
            <citation gco:nilReason="missing"/>
            <abstract>
                <gco:CharacterString>Serviço de dados geográfico com indicação do arvoredo, elementos de água, corredor verde e hortas urbanas existentes na cidade de Lisboa. Map service locating trees, fountains and kitchen gardens in Lisbon.</gco:CharacterString>
            </abstract>
            <purpose>
                <gco:CharacterString>Serviço de dados geográfico com indicação do arvoredo, elementos de água, corredor verde e hortas urbanas existentes na cidade de Lisboa. Map service locating trees, fountains and kitchen gardens in Lisbon.</gco:CharacterString>
            </purpose>
            <credit>
                <gco:CharacterString>CM Lisboa 2022</gco:CharacterString>
            </credit>
            <descriptiveKeywords>
                <MD_Keywords>
                    <keyword>
                        <gco:CharacterString>Elementos de Água</gco:CharacterString>
                    </keyword>
                    <keyword>
                        <gco:CharacterString>Corredor Verde</gco:CharacterString>
                    </keyword>
                    <keyword>
                        <gco:CharacterString>Espaço Verde</gco:CharacterString>
                    </keyword>
                    <keyword>
                        <gco:CharacterString>Árvores</gco:CharacterString>
                    </keyword>
                    <keyword>
                        <gco:CharacterString>Arruamento</gco:CharacterString>
                    </keyword>
                    <keyword>
                        <gco:CharacterString>Hortas</gco:CharacterString>
                    </keyword>
                    <keyword>
                        <gco:CharacterString>Ambiente</gco:CharacterString>
                    </keyword>
                </MD_Keywords>
            </descriptiveKeywords>
            <descriptiveKeywords>
                <MD_Keywords>
                    <keyword>
                        <gco:CharacterString>Elementos de Água</gco:CharacterString>
                    </keyword>
                    <keyword>
                        <gco:CharacterString>Corredor Verde</gco:CharacterString>
                    </keyword>
                    <keyword>
                        <gco:CharacterString>Espaço Verde</gco:CharacterString>
                    </keyword>
                    <keyword>
                        <gco:CharacterString>Árvores</gco:CharacterString>
                    </keyword>
                    <keyword>
                        <gco:CharacterString>Arruamento</gco:CharacterString>
                    </keyword>
                    <keyword>
                        <gco:CharacterString>Hortas</gco:CharacterString>
                    </keyword>
                    <keyword>
                        <gco:CharacterString>Ambiente</gco:CharacterString>
                    </keyword>
                </MD_Keywords>
            </descriptiveKeywords>
            <descriptiveKeywords>
                <MD_Keywords>
                    <keyword>
                        <gco:CharacterString>Elementos de Água</gco:CharacterString>
                    </keyword>
                    <keyword>
                        <gco:CharacterString>Corredor Verde</gco:CharacterString>
                    </keyword>
                    <keyword>
                        <gco:CharacterString>Espaço Verde</gco:CharacterString>
                    </keyword>
                    <keyword>
                        <gco:CharacterString>Árvores</gco:CharacterString>
                    </keyword>
                    <keyword>
                        <gco:CharacterString>Arruamento</gco:CharacterString>
                    </keyword>
                    <keyword>
                        <gco:CharacterString>Hortas</gco:CharacterString>
                    </keyword>
                    <keyword>
                        <gco:CharacterString>Ambiente</gco:CharacterString>
                    </keyword>
                </MD_Keywords>
            </descriptiveKeywords>
            <descriptiveKeywords>
                <MD_Keywords>
                    <keyword>
                        <gco:CharacterString>Elementos de Água</gco:CharacterString>
                    </keyword>
                    <keyword>
                        <gco:CharacterString>Corredor Verde</gco:CharacterString>
                    </keyword>
                    <keyword>
                        <gco:CharacterString>Espaço Verde</gco:CharacterString>
                    </keyword>
                    <keyword>
                        <gco:CharacterString>Árvores</gco:CharacterString>
                    </keyword>
                    <keyword>
                        <gco:CharacterString>Arruamento</gco:CharacterString>
                    </keyword>
                    <keyword>
                        <gco:CharacterString>Hortas</gco:CharacterString>
                    </keyword>
                    <keyword>
                        <gco:CharacterString>Ambiente</gco:CharacterString>
                    </keyword>
                </MD_Keywords>
            </descriptiveKeywords>
            <descriptiveKeywords>
                <MD_Keywords>
                    <keyword>
                        <gco:CharacterString>Elementos de Água</gco:CharacterString>
                    </keyword>
                    <keyword>
                        <gco:CharacterString>Corredor Verde</gco:CharacterString>
                    </keyword>
                    <keyword>
                        <gco:CharacterString>Espaço Verde</gco:CharacterString>
                    </keyword>
                    <keyword>
                        <gco:CharacterString>Árvores</gco:CharacterString>
                    </keyword>
                    <keyword>
                        <gco:CharacterString>Arruamento</gco:CharacterString>
                    </keyword>
                    <keyword>
                        <gco:CharacterString>Hortas</gco:CharacterString>
                    </keyword>
                    <keyword>
                        <gco:CharacterString>Ambiente</gco:CharacterString>
                    </keyword>
                </MD_Keywords>
            </descriptiveKeywords>
            <descriptiveKeywords>
                <MD_Keywords>
                    <keyword>
                        <gco:CharacterString>Elementos de Água</gco:CharacterString>
                    </keyword>
                    <keyword>
                        <gco:CharacterString>Corredor Verde</gco:CharacterString>
                    </keyword>
                    <keyword>
                        <gco:CharacterString>Espaço Verde</gco:CharacterString>
                    </keyword>
                    <keyword>
                        <gco:CharacterString>Árvores</gco:CharacterString>
                    </keyword>
                    <keyword>
                        <gco:CharacterString>Arruamento</gco:CharacterString>
                    </keyword>
                    <keyword>
                        <gco:CharacterString>Hortas</gco:CharacterString>
                    </keyword>
                    <keyword>
                        <gco:CharacterString>Ambiente</gco:CharacterString>
                    </keyword>
                </MD_Keywords>
            </descriptiveKeywords>
            <descriptiveKeywords>
                <MD_Keywords>
                    <keyword>
                        <gco:CharacterString>Elementos de Água</gco:CharacterString>
                    </keyword>
                    <keyword>
                        <gco:CharacterString>Corredor Verde</gco:CharacterString>
                    </keyword>
                    <keyword>
                        <gco:CharacterString>Espaço Verde</gco:CharacterString>
                    </keyword>
                    <keyword>
                        <gco:CharacterString>Árvores</gco:CharacterString>
                    </keyword>
                    <keyword>
                        <gco:CharacterString>Arruamento</gco:CharacterString>
                    </keyword>
                    <keyword>
                        <gco:CharacterString>Hortas</gco:CharacterString>
                    </keyword>
                    <keyword>
                        <gco:CharacterString>Ambiente</gco:CharacterString>
                    </keyword>
                </MD_Keywords>
            </descriptiveKeywords>
            <resourceConstraints>
                <MD_Constraints>
                    <useLimitation>
                        <gco:CharacterString>Cartografia não homologada, não podendo ser utilizada para fins legais. Aplica-se a licença Creative Commons CCZero (http://opendefinition.org/licenses/cc-zero/). A reprodução da aplicação é autorizada, devendo ser citados os créditos do autor.</gco:CharacterString>
                    </useLimitation>
                </MD_Constraints>
            </resourceConstraints>
            <language gco:nilReason="missing"/>
            <characterSet>
                <MD_CharacterSetCode codeList="http://www.isotc211.org/2005/resources/Codelist/gmxCodelists.xml#MD_CharacterSetCode" codeListValue="utf8" codeSpace="ISOTC211/19115">utf8</MD_CharacterSetCode>
            </characterSet>
        </MD_DataIdentification>
    </identificationInfo>
</MD_Metadata>
